ID,First Name, Last Name, email
1, alihan, bayraktar, alihan.bayraktar@bayrktlihn.io
2, murat, yıldız, murat.yildiz@bayrktlihn.io
3, mehmet, ayka, mehmet.ayka@bayrktlihn.io
4, vedat, gümüş, vedat.gumus@bayrktlihn.io
5, 5, ilknur, çoruk, ilknur.coruk@bayrktlihn.io
6, 6, esma, yayabaşı, esma.yayabasi@bayrktlihn.io
7, 7, ebubekir, doğan, ebubekir.dogan@bayrktlihn.io
8, 8, ozay, tunçtan, ozay.tunctan@bayrktlihn.io
9, 9, hamdi, yılmaz, hamdi.yilmaz@bayrktlihn.io
10, erdal, ağca, erdal.agca@bayrktlihn.io